地区,满意度
东部,满意
东部,满意
东部,满意
东部,满意
东部,满意
东部,满意
东部,满意
东部,满意
东部,满意
东部,满意
东部,满意
东部,满意
东部,满意
东部,满意
东部,满意
东部,满意
东部,满意
东部,满意
东部,满意
东部,满意
东部,满意
东部,满意
东部,满意
东部,满意
东部,满意
东部,满意
东部,满意
东部,满意
东部,满意
东部,满意
东部,满意
东部,满意
东部,满意
东部,满意
东部,满意
东部,满意
东部,满意
东部,满意
东部,满意
东部,满意
东部,满意
东部,满意
东部,满意
东部,满意
东部,满意
东部,满意
东部,满意
东部,满意
东部,满意
东部,满意
东部,满意
东部,满意
东部,满意
东部,满意
东部,满意
东部,满意
东部,满意
东部,满意
东部,满意
东部,满意
东部,满意
东部,满意
东部,满意
东部,满意
东部,满意
东部,满意
东部,满意
东部,满意
东部,满意
东部,满意
东部,满意
东部,满意
东部,满意
东部,满意
东部,满意
东部,满意
东部,满意
东部,满意
东部,满意
东部,满意
东部,满意
东部,满意
东部,满意
东部,满意
东部,满意
东部,满意
东部,满意
东部,满意
东部,满意
东部,满意
东部,满意
东部,满意
东部,满意
东部,满意
东部,满意
东部,满意
东部,满意
东部,满意
东部,满意
东部,满意
东部,满意
东部,满意
东部,满意
东部,满意
东部,满意
东部,满意
东部,满意
东部,满意
东部,满意
东部,满意
东部,满意
东部,满意
东部,满意
东部,满意
东部,满意
东部,满意
东部,满意
东部,满意
东部,满意
东部,满意
东部,满意
东部,满意
东部,满意
东部,满意
东部,满意
东部,满意
东部,不满意
东部,不满意
东部,不满意
东部,不满意
东部,不满意
东部,不满意
东部,不满意
东部,不满意
东部,不满意
东部,不满意
东部,不满意
东部,不满意
东部,不满意
东部,不满意
东部,不满意
东部,不满意
东部,不满意
东部,不满意
东部,不满意
东部,不满意
东部,不满意
东部,不满意
东部,不满意
东部,不满意
东部,不满意
东部,不满意
东部,不满意
东部,不满意
东部,不满意
东部,不满意
东部,不满意
东部,不满意
东部,不满意
东部,不满意
中部,满意
中部,满意
中部,满意
中部,满意
中部,满意
中部,满意
中部,满意
中部,满意
中部,满意
中部,满意
中部,满意
中部,满意
中部,满意
中部,满意
中部,满意
中部,满意
中部,满意
中部,满意
中部,满意
中部,满意
中部,满意
中部,满意
中部,满意
中部,满意
中部,满意
中部,满意
中部,满意
中部,满意
中部,满意
中部,满意
中部,满意
中部,满意
中部,满意
中部,满意
中部,满意
中部,满意
中部,满意
中部,满意
中部,满意
中部,满意
中部,满意
中部,满意
中部,满意
中部,满意
中部,满意
中部,满意
中部,满意
中部,满意
中部,满意
中部,满意
中部,满意
中部,满意
中部,满意
中部,满意
中部,满意
中部,满意
中部,满意
中部,满意
中部,满意
中部,满意
中部,满意
中部,满意
中部,满意
中部,满意
中部,满意
中部,满意
中部,满意
中部,满意
中部,满意
中部,满意
中部,满意
中部,满意
中部,满意
中部,满意
中部,满意
中部,满意
中部,满意
中部,满意
中部,满意
中部,满意
中部,满意
中部,满意
中部,满意
中部,满意
中部,满意
中部,满意
中部,满意
中部,满意
中部,满意
中部,满意
中部,满意
中部,满意
中部,满意
中部,满意
中部,满意
中部,满意
中部,满意
中部,满意
中部,满意
中部,满意
中部,满意
中部,满意
中部,满意
中部,满意
中部,满意
中部,满意
中部,满意
中部,满意
中部,满意
中部,满意
中部,满意
中部,满意
中部,满意
中部,满意
中部,满意
中部,满意
中部,满意
中部,满意
中部,满意
中部,满意
中部,满意
中部,满意
中部,满意
中部,满意
中部,满意
中部,满意
中部,满意
中部,满意
中部,满意
中部,满意
中部,满意
中部,满意
中部,满意
中部,满意
中部,满意
中部,满意
中部,满意
中部,满意
中部,满意
中部,满意
中部,满意
中部,满意
中部,满意
中部,满意
中部,满意
中部,满意
中部,满意
中部,满意
中部,满意
中部,满意
中部,满意
中部,满意
中部,满意
中部,满意
中部,满意
中部,满意
中部,满意
中部,满意
中部,不满意
中部,不满意
中部,不满意
中部,不满意
中部,不满意
中部,不满意
中部,不满意
中部,不满意
中部,不满意
中部,不满意
中部,不满意
中部,不满意
中部,不满意
中部,不满意
中部,不满意
中部,不满意
中部,不满意
中部,不满意
中部,不满意
中部,不满意
中部,不满意
中部,不满意
中部,不满意
中部,不满意
中部,不满意
中部,不满意
中部,不满意
中部,不满意
中部,不满意
中部,不满意
中部,不满意
中部,不满意
中部,不满意
中部,不满意
中部,不满意
中部,不满意
中部,不满意
中部,不满意
中部,不满意
中部,不满意
中部,不满意
中部,不满意
中部,不满意
中部,不满意
中部,不满意
中部,不满意
中部,不满意
中部,不满意
中部,不满意
中部,不满意
中部,不满意
中部,不满意
中部,不满意
中部,不满意
中部,不满意
中部,不满意
中部,不满意
中部,不满意
中部,不满意
中部,不满意
中部,不满意
中部,不满意
中部,不满意
中部,不满意
中部,不满意
中部,不满意
中部,不满意
中部,不满意
中部,不满意
中部,不满意
中部,不满意
中部,不满意
中部,不满意
中部,不满意
中部,不满意
中部,不满意
中部,不满意
中部,不满意
中部,不满意
中部,不满意
中部,不满意
中部,不满意
西部,满意
西部,满意
西部,满意
西部,满意
西部,满意
西部,满意
西部,满意
西部,满意
西部,满意
西部,满意
西部,满意
西部,满意
西部,满意
西部,满意
西部,满意
西部,满意
西部,满意
西部,满意
西部,满意
西部,满意
西部,满意
西部,满意
西部,满意
西部,满意
西部,满意
西部,满意
西部,满意
西部,满意
西部,满意
西部,满意
西部,满意
西部,满意
西部,满意
西部,满意
西部,满意
西部,不满意
西部,不满意
西部,不满意
西部,不满意
西部,不满意
西部,不满意
西部,不满意
西部,不满意
西部,不满意
西部,不满意
西部,不满意
西部,不满意
西部,不满意
西部,不满意
西部,不满意
西部,不满意
西部,不满意
西部,不满意
西部,不满意
西部,不满意
西部,不满意
西部,不满意
西部,不满意
西部,不满意
西部,不满意
西部,不满意
西部,不满意
西部,不满意
西部,不满意
西部,不满意
西部,不满意
西部,不满意
西部,不满意
西部,不满意
西部,不满意
西部,不满意
西部,不满意
西部,不满意
西部,不满意
西部,不满意
西部,不满意
西部,不满意
西部,不满意
西部,不满意
西部,不满意
西部,不满意
西部,不满意
西部,不满意
西部,不满意
西部,不满意
西部,不满意
西部,不满意
西部,不满意
西部,不满意
西部,不满意
西部,不满意
西部,不满意
西部,不满意
西部,不满意
西部,不满意
西部,不满意
西部,不满意
西部,不满意
西部,不满意
西部,不满意
